Library,R1_index,R2_index,R1_bp_to_BC,R2_bp_to_BC
02M_NaCl_alpha-R1-Time0,CGATGT,TATATACGC,63,49
02M_NaCl_alpha-R1-Time8,ACAGTG,TATATACGC,63,49
02M_NaCl_alpha-R1-Time72,TGACCA,TATATACGC,63,49
02M_NaCl_alpha-R1-Time88,GCCAAT,TATATACGC,63,49
02M_NaCl_alpha-R1-Time104,ATCACG,TATATACGC,63,49
02M_NaCl_alpha-R1-Time120,CAGATC,TATATACGC,63,49
02M_NaCl_alpha-R1-Time136,GGCTAC,TATATACGC,63,49
02M_NaCl_alpha-R1-Time160,TAGCTT,TATATACGC,63,49
02M_NaCl_alpha-R1-Time192,TTAGGC,TATATACGC,63,49
02M_NaCl_alpha-R1-Time240,ACTTGA,TATATACGC,63,49
08M_NaCl_alpha-R1-Time0,CGATGT,CGCTCTATC,63,49
08M_NaCl_alpha-R1-Time8,ACAGTG,CGCTCTATC,63,49
08M_NaCl_alpha-R1-Time72,TGACCA,CGCTCTATC,63,49
08M_NaCl_alpha-R1-Time88,GCCAAT,CGCTCTATC,63,49
08M_NaCl_alpha-R1-Time104,ATCACG,CGCTCTATC,63,49
08M_NaCl_alpha-R1-Time120,CAGATC,CGCTCTATC,63,49
08M_NaCl_alpha-R1-Time136,GGCTAC,CGCTCTATC,63,49
08M_NaCl_alpha-R1-Time160,TAGCTT,CGCTCTATC,63,49
08M_NaCl_alpha-R1-Time192,TTAGGC,CGCTCTATC,63,49
08M_NaCl_alpha-R1-Time240,ACTTGA,CGCTCTATC,63,49
21C_alpha-R1-Time0,CGATGT,GAGACGTCT,63,49
21C_alpha-R1-Time8,ACAGTG,GAGACGTCT,63,49
21C_alpha-R1-Time72,TGACCA,GAGACGTCT,63,49
21C_alpha-R1-Time88,GCCAAT,GAGACGTCT,63,49
21C_alpha-R1-Time104,ATCACG,GAGACGTCT,63,49
21C_alpha-R1-Time120,CAGATC,GAGACGTCT,63,49
21C_alpha-R1-Time136,GGCTAC,GAGACGTCT,63,49
21C_alpha-R1-Time160,TAGCTT,GAGACGTCT,63,49
21C_alpha-R1-Time192,TTAGGC,GAGACGTCT,63,49
21C_alpha-R1-Time240,ACTTGA,GAGACGTCT,63,49
CLM_alpha-R1-Time0,CGATGT,ATACTGCGT,63,49
CLM_alpha-R1-Time8,ACAGTG,ATACTGCGT,63,49
CLM_alpha-R1-Time72,TGACCA,ATACTGCGT,63,49
CLM_alpha-R1-Time88,GCCAAT,ATACTGCGT,63,49
CLM_alpha-R1-Time104,ATCACG,ATACTGCGT,63,49
CLM_alpha-R1-Time120,CAGATC,ATACTGCGT,63,49
CLM_alpha-R1-Time136,GGCTAC,ATACTGCGT,63,49
CLM_alpha-R1-Time160,TAGCTT,ATACTGCGT,63,49
CLM_alpha-R1-Time192,TTAGGC,ATACTGCGT,63,49
CLM_alpha-R1-Time240,ACTTGA,ATACTGCGT,63,49
FLC32_alpha-R1-Time0,CGATGT,CTGCTACTC,63,49
FLC32_alpha-R1-Time8,ACAGTG,CTGCTACTC,63,49
FLC32_alpha-R1-Time72,TGACCA,CTGCTACTC,63,49
FLC32_alpha-R1-Time88,GCCAAT,CTGCTACTC,63,49
FLC32_alpha-R1-Time104,ATCACG,CTGCTACTC,63,49
FLC32_alpha-R1-Time120,CAGATC,CTGCTACTC,63,49
FLC32_alpha-R1-Time136,GGCTAC,CTGCTACTC,63,49
FLC32_alpha-R1-Time160,TAGCTT,CTGCTACTC,63,49
FLC32_alpha-R1-Time192,TTAGGC,CTGCTACTC,63,49
FLC32_alpha-R1-Time240,ACTTGA,CTGCTACTC,63,49
FLC4_alpha-R1-Time0,CGATGT,ACTAGCAGA,63,49
FLC4_alpha-R1-Time8,ACAGTG,ACTAGCAGA,63,49
FLC4_alpha-R1-Time72,TGACCA,ACTAGCAGA,63,49
FLC4_alpha-R1-Time88,GCCAAT,ACTAGCAGA,63,49
FLC4_alpha-R1-Time104,ATCACG,ACTAGCAGA,63,49
FLC4_alpha-R1-Time120,CAGATC,ACTAGCAGA,63,49
FLC4_alpha-R1-Time136,GGCTAC,ACTAGCAGA,63,49
FLC4_alpha-R1-Time160,TAGCTT,ACTAGCAGA,63,49
FLC4_alpha-R1-Time192,TTAGGC,ACTAGCAGA,63,49
FLC4_alpha-R1-Time240,ACTTGA,ACTAGCAGA,63,49
GlyEtOH_alpha-R1-Time0,CGATGT,TGAGCTAGC,63,49
GlyEtOH_alpha-R1-Time8,ACAGTG,TGAGCTAGC,63,49
GlyEtOH_alpha-R1-Time72,TGACCA,TGAGCTAGC,63,49
GlyEtOH_alpha-R1-Time88,GCCAAT,TGAGCTAGC,63,49
GlyEtOH_alpha-R1-Time104,ATCACG,TGAGCTAGC,63,49
GlyEtOH_alpha-R1-Time120,CAGATC,TGAGCTAGC,63,49
GlyEtOH_alpha-R1-Time136,GGCTAC,TGAGCTAGC,63,49
GlyEtOH_alpha-R1-Time160,TAGCTT,TGAGCTAGC,63,49
GlyEtOH_alpha-R1-Time192,TTAGGC,TGAGCTAGC,63,49
GlyEtOH_alpha-R1-Time240,ACTTGA,TGAGCTAGC,63,49
M3_alpha-R1-Time0,CGATGT,GCGTACGCA,63,49
M3_alpha-R1-Time8,ACAGTG,GCGTACGCA,63,49
M3_alpha-R1-Time72,TGACCA,GCGTACGCA,63,49
M3_alpha-R1-Time88,GCCAAT,GCGTACGCA,63,49
M3_alpha-R1-Time104,ATCACG,GCGTACGCA,63,49
M3_alpha-R1-Time120,CAGATC,GCGTACGCA,63,49
M3_alpha-R1-Time136,GGCTAC,GCGTACGCA,63,49
M3_alpha-R1-Time160,TAGCTT,GCGTACGCA,63,49
M3_alpha-R1-Time192,TTAGGC,GCGTACGCA,63,49
M3_alpha-R1-Time240,ACTTGA,GCGTACGCA,63,49
