Library,R1_index,R2_index,R1_bp_to_BC,R2_bp_to_BC
dBFA2-37C-R1-Time8,ATGCATCG,TCAGCTCG,71,45
dBFA2-37C-R1-Time16,CAACAGAT,TATGTACG,66,49
dBFA2-37C-R1-Time24,TACGCAGA,CGCATCGA,73,44
dBFA2-37C-R1-Time32,GCGTTAAT,TCAGCTCG,60,45
dBFA2-37C-R1-Time40,GTAGCGAT,GAGACGTC,67,48
dBFA2-37C-R2-Time8,TCTACTTA,CGCATCGA,62,44
dBFA2-37C-R2-Time16,CGCTGTGA,TATGTACG,68,49
dBFA2-37C-R2-Time24,TAACGCTT,TCAGCTCG,63,45
dBFA2-37C-R2-Time32,ACGTACCG,GAGACGTC,69,48
dBFA2-37C-R2-Time40,GCTAGCCT,CGCATCGA,64,44
dBFA2-37C-R3-Time8,TGCCTGCC,TATGTACG,70,49
dBFA2-37C-R3-Time16,CTGGCTAC,TCAGCTCG,65,45
dBFA2-37C-R3-Time24,ATGCATCG,GAGACGTC,71,48
dBFA2-37C-R3-Time32,CAACAGAT,CGCATCGA,66,44
dBFA2-37C-R3-Time40,TACGCAGA,TATGTACG,73,49
dBFA2-SC-R1-Time8,CGCTGTGA,GAATCGAA,68,43
dBFA2-SC-R1-Time24,ACGTACCG,AGCAGATC,69,46
dBFA2-SC-R1-Time32,GCTAGCCT,CGCTGTAT,64,51
dBFA2-SC-R1-Time40,TGCCTGCC,GAATCGAA,70,43
dBFA2-SC-R2-Time8,CTGGCTAC,ACTGTGTT,65,47
dBFA2-SC-R2-Time16,ATGCATCG,AGCAGATC,71,46
dBFA2-SC-R2-Time24,CAACAGAT,CGCTGTAT,66,51
dBFA2-SC-R2-Time32,TACGCAGA,GAATCGAA,73,43
dBFA2-SC-R2-Time40,GCGTTAAT,CGCATCGA,60,44
dBFA2-SC-R3-Time8,GTAGCGAT,TATGTACG,67,49
dBFA2-SC-R3-Time16,TCTACTTA,TCAGCTCG,62,45
dBFA2-SC-R3-Time24,CGCTGTGA,GAGACGTC,68,48
dBFA2-SC-R3-Time32,TAACGCTT,CGCATCGA,63,44
dBFA2-SC-R3-Time40,ACGTACCG,TATGTACG,69,49
dBFA2-T0_Pool-NA-Time0,TACGCAGA,AGCAGATC,73,46
dBFA2-YPD-R1-Time8,GCGTTAAT,GAATCGAA,60,43
dBFA2-YPD-R1-Time16,GTAGCGAT,CGCTGTAT,67,51
dBFA2-YPD-R1-Time24,TCTACTTA,AGCAGATC,62,46
dBFA2-YPD-R1-Time32,CGCTGTGA,ACTGTGTT,68,47
dBFA2-YPD-R2-Time8,ACGTACCG,CGCTGTAT,69,51
dBFA2-YPD-R2-Time16,GCTAGCCT,AGCAGATC,64,46
dBFA2-YPD-R2-Time24,TGCCTGCC,ACTGTGTT,70,47
dBFA2-YPD-R2-Time32,CTGGCTAC,GAATCGAA,65,43
dBFA2-YPD-R2-Time40,ATGCATCG,CGCTGTAT,71,51
dBFA2-YPD-R3-Time8,CAACAGAT,AGCAGATC,66,46
dBFA2-YPD-R3-Time16,TACGCAGA,ACTGTGTT,73,47
dBFA2-YPD-R3-Time24,GCGTTAAT,ACTGTGTT,60,47
dBFA2-YPD-R3-Time32,GTAGCGAT,AGCAGATC,67,46
dBFA2-YPD-R3-Time40,TCTACTTA,CGCTGTAT,62,51
dBFA2-pH3_8-R1-Time8,GCGTTAAT,TATGTACG,60,49
dBFA2-pH3_8-R1-Time16,GTAGCGAT,CGCATCGA,67,44
dBFA2-pH3_8-R1-Time24,TCTACTTA,GAGACGTC,62,48
dBFA2-pH3_8-R1-Time40,TAACGCTT,TATGTACG,63,49
dBFA2-pH3_8-R2-Time8,ACGTACCG,CGCATCGA,69,44
dBFA2-pH3_8-R2-Time16,TGCCTGCC,TCAGCTCG,70,45
dBFA2-pH3_8-R2-Time24,GCTAGCCT,GAGACGTC,64,48
dBFA2-pH3_8-R3-Time8,CAACAGAT,GAGACGTC,66,48
dBFA2-pH3_8-R3-Time16,TACGCAGA,TCAGCTCG,73,45
dBFA2-pH3_8-R3-Time24,GCGTTAAT,AGCAGATC,60,46
dBFA2-pH3_8-R3-Time32,GTAGCGAT,ACTGTGTT,67,47
dBFA2-pH3_8-R3-Time40,TCTACTTA,GAATCGAA,62,43
dBFA2-pH7_3-R1-Time8,CGCTGTGA,CGCTGTAT,68,51
dBFA2-pH7_3-R1-Time16,TAACGCTT,AGCAGATC,63,46
dBFA2-pH7_3-R1-Time24,ACGTACCG,ACTGTGTT,69,47
dBFA2-pH7_3-R1-Time32,GCTAGCCT,GAATCGAA,64,43
dBFA2-pH7_3-R1-Time40,TGCCTGCC,CGCTGTAT,70,51
dBFA2-pH7_3-R2-Time8,CTGGCTAC,AGCAGATC,65,46
dBFA2-pH7_3-R2-Time16,ATGCATCG,ACTGTGTT,71,47
dBFA2-pH7_3-R2-Time24,CAACAGAT,GAATCGAA,66,43
dBFA2-pH7_3-R2-Time32,TACGCAGA,CGCTGTAT,73,51
dBFA2-pH7_3-R2-Time40,GCGTTAAT,CGCTGTAT,60,51
dBFA2-pH7_3-R3-Time8,GTAGCGAT,GAATCGAA,67,43
dBFA2-pH7_3-R3-Time16,TCTACTTA,ACTGTGTT,62,47
dBFA2-pH7_3-R3-Time24,CGCTGTGA,AGCAGATC,68,46
dBFA2-pH7_3-R3-Time32,TAACGCTT,CGCTGTAT,63,51
dBFA2-pH7_3-R3-Time40,ACGTACCG,GAATCGAA,69,43
Subpool_YPD_2N_R1,CGATGTTT,ATACTGCG,63,49
Subpool_YPD_2N_R2,ACAGTGTT,ACTAGCAG,63,49
Subpool_SC_2N_R1,TGACCATT,TGAGCTAG,63,49
Subpool_SC_2N_R2,GCCAATTT,CTGCTACT,63,49
Subpool_48Hr_2N_R1,ATCACGTT,GCGTACGC,63,49
Subpool_48Hr_2N_R2,CAGATCTT,ATACTGCG,63,49
Subpool_37C_2N_R1,GGCTACTT,ACTAGCAG,63,49
Subpool_37C_2N_R2,TAGCTTTT,TGAGCTAG,63,49
Subpool_pH3_8_2N_R1,CGATGTTT,CTGCTACT,63,49
Subpool_pH3_8_2N_R2,ACAGTGTT,GCGTACGC,63,49
Subpool_pH7_3_2N_R1,TGACCATT,ATACTGCG,63,49
Subpool_pH7_3_2N_R2,GCCAATTT,ACTAGCAG,63,49
Subpool_FLC4_2N_R2,ATCACGTT,TGAGCTAG,63,49
Subpool_CLM_2N_R1,CAGATCTT,CTGCTACT,63,49
Subpool_CLM_2N_R2,GGCTACTT,GCGTACGC,63,49
Subpool_GlyEtOH_2N_R1,TAGCTTTT,ATACTGCG,63,49
Subpool_GlyEtOH_2N_R2,CGATGTTT,ACTAGCAG,63,49
Subpool_21C_2N_R2,ACAGTGTT,TGAGCTAG,63,49
Subpool_02M_NaCl_2N_R2,TGACCATT,CTGCTACT,63,49
Ancestor_YPD_2N_R1_1,GCCAATTT,GCGTACGC,63,49
Ancestor_YPD_2N_R1_2,ATCACGTT,ATACTGCG,63,49